City_ID,City,Lat,Lng,Max Temp,Humidity,Cloudiness,Wind Speed,Country,Date
0,ribeira grande,38.5167,-28.7,62.78,73,100,1.99,PT,1667886144
1,port alfred,-33.5906,26.891,66.18,85,100,5.01,ZA,1667886145
2,victoria,22.2855,114.1577,76.32,81,97,10.0,HK,1667886095
3,sarangani,5.4033,125.4636,83.91,68,95,3.09,PH,1667886145
4,liuzhou,24.3126,109.3892,86.16,31,25,0.38,CN,1667886037
5,albany,42.6001,-73.9662,46.36,61,6,7.0,US,1667886146
6,saint-philippe,-21.3585,55.7679,80.19,76,26,11.34,RE,1667886146
7,poya,-21.35,165.15,76.15,85,97,10.76,NC,1667886146
8,nouakchott,18.0858,-15.9785,64.33,61,52,10.8,MR,1667886024
9,kimbe,-5.5502,150.1429,83.52,80,91,4.56,PG,1667886147
10,hithadhoo,-0.6,73.0833,82.6,74,26,17.76,MV,1667886147
11,ponta delgada,37.7333,-25.6667,63.32,72,40,4.61,PT,1667885943
12,atuona,-9.8,-139.0333,77.05,72,99,12.5,PF,1667886148
13,zalantun,48.0,122.7167,46.9,29,6,4.34,CN,1667886148
14,provideniya,64.3833,-173.3,28.83,95,100,7.52,RU,1667886148
15,constitucion,-35.3333,-72.4167,54.86,77,100,5.75,CL,1667886149
16,kalmunai,7.4167,81.8167,80.2,81,99,10.94,LK,1667886150
17,carnarvon,-24.8667,113.6333,71.83,51,6,14.54,AU,1667886150
18,kuito,-12.3833,16.9333,65.95,76,100,1.59,AO,1667886079
19,kapaa,22.0752,-159.319,80.58,82,100,17.27,US,1667886151
20,port hardy,50.6996,-127.4199,32.18,51,20,20.71,CA,1667886151
21,puntarenas,9.9763,-84.8384,76.24,90,100,4.0,CR,1667885962
22,soria,41.6667,-2.6667,48.11,100,53,3.89,ES,1667885943
23,vaini,-21.2,-175.2,78.96,73,20,8.05,TO,1667886152
24,puerto ayora,-0.7393,-90.3518,66.54,87,87,1.01,EC,1667886152
25,tasiilaq,65.6145,-37.6368,22.78,96,98,2.91,GL,1667886152
26,ushuaia,-54.8,-68.3,53.26,47,0,6.91,AR,1667886153
27,celestun,20.8667,-90.4,76.26,85,16,10.18,MX,1667886087
28,new norfolk,-42.7826,147.0587,80.1,29,65,1.01,AU,1667886153
29,rikitea,-23.1203,-134.9692,74.28,89,93,13.58,PF,1667886154
30,kant,27.8,79.8,81.19,48,1,2.77,IN,1667886154
31,butaritari,3.0707,172.7902,80.91,74,15,6.62,KI,1667886155
32,airai,-8.9266,125.4092,71.17,70,82,1.12,TL,1667886155
33,ponta do sol,32.6667,-17.1,69.01,83,83,5.14,PT,1667886155
34,nueve de julio,-35.4444,-60.8831,56.97,85,0,1.01,AR,1667886155
35,jasper,37.2001,-94.3502,57.87,61,0,8.05,US,1667886156
36,port elizabeth,-33.918,25.5701,67.32,80,0,11.5,ZA,1667886156
37,mul,20.0667,79.6667,82.33,40,32,4.12,IN,1667886156
38,tomatlan,19.9333,-105.25,69.3,95,0,2.46,MX,1667886156
39,biak,-0.9131,122.8766,83.23,70,96,2.21,ID,1667886157
40,placerville,38.7296,-120.7986,42.06,94,100,11.5,US,1667886157
41,hokitika,-42.7167,170.9667,59.49,73,8,6.71,NZ,1667886157
42,lorengau,-2.0226,147.2712,83.86,75,100,5.77,PG,1667886157
43,rawson,-43.3002,-65.1023,62.11,66,100,4.76,AR,1667886147
44,mataura,-46.1927,168.8643,63.86,62,77,5.26,NZ,1667886159
45,caravelas,-17.7125,-39.2481,69.66,75,86,5.12,BR,1667886160
46,saint anthony,45.0205,-93.218,36.55,70,0,10.36,US,1667886160
47,hilo,19.7297,-155.09,74.25,92,75,5.75,US,1667886160
48,port-gentil,-0.7193,8.7815,78.76,94,100,3.44,GA,1667886161
49,castro,-24.7911,-50.0119,47.48,98,23,4.9,BR,1667886161
50,husavik,66.0449,-17.3389,40.39,89,100,15.08,IS,1667886161
51,arman,59.7,150.1667,19.02,87,98,0.81,RU,1667886161
52,sambava,-14.2667,50.1667,77.95,63,99,9.48,MG,1667886162
53,mar del plata,-38.0023,-57.5575,59.88,92,0,11.01,AR,1667886183
54,dauphin,51.1494,-100.0502,23.14,94,100,18.41,CA,1667886183
55,chuy,-33.6971,-53.4616,56.7,89,7,7.16,UY,1667886205
56,upernavik,72.7868,-56.1549,3.47,84,52,7.25,GL,1667886205
57,tiarei,-17.5333,-149.3333,78.01,81,4,7.63,PF,1667886205
58,bluff,-46.6,168.3333,58.37,75,45,16.35,NZ,1667886206
59,hermanus,-34.4187,19.2345,59.81,70,81,4.45,ZA,1667886206
60,ilulissat,69.2167,-51.1,-10.12,86,23,6.67,GL,1667886206
61,sotouboua,8.5667,0.9833,69.4,44,96,0.81,TG,1667886206
62,bathsheba,13.2167,-59.5167,83.01,78,40,17.27,BB,1667886206
63,puerto cabezas,14.0351,-83.3888,73.99,92,34,7.27,NI,1667886207
64,faanui,-16.4833,-151.75,78.3,76,17,8.3,PF,1667886207
65,furano,43.2818,142.4743,45.9,60,68,3.06,JP,1667886207
66,pangnirtung,66.1451,-65.7125,5.32,63,49,5.88,CA,1667886208
67,santa isabel do rio negro,-0.4139,-65.0192,72.82,96,99,1.28,BR,1667886208
68,tessalit,20.1986,1.0114,68.45,20,2,8.48,ML,1667886069
69,punta arenas,-53.15,-70.9167,50.11,66,40,17.27,CL,1667886105
70,vestmanna,62.1564,-7.1664,49.12,87,100,28.77,FO,1667886208
71,marawi,7.9986,124.2928,77.45,82,88,3.4,PH,1667886209
72,padang,-0.9492,100.3543,83.52,73,100,6.13,ID,1667886090
73,timmins,48.4669,-81.3331,28.22,64,100,12.66,CA,1667886209
74,mackay,-21.15,149.2,82.69,62,1,15.37,AU,1667886004
75,bereda,43.2686,-7.5406,55.42,100,99,8.41,ES,1667886210
76,nouadhibou,20.931,-17.0347,69.78,60,20,12.66,MR,1667886211
77,bethel,41.3712,-73.414,51.89,55,0,6.91,US,1667886211
78,iqaluit,63.7506,-68.5145,17.33,61,75,8.05,CA,1667886007
79,anloga,5.7947,0.8973,80.56,79,28,3.49,GH,1667886211
80,ha tinh,18.3333,105.9,78.37,67,20,7.47,VN,1667886057
81,coffs harbour,-30.3,153.1333,71.56,60,75,12.66,AU,1667886017
82,faridkot,30.6667,74.75,82.44,32,0,3.78,IN,1667886212
83,kodiak,57.79,-152.4072,38.71,87,100,12.66,US,1667886213
84,la ronge,55.1001,-105.2842,10.65,79,100,18.41,CA,1667886213
85,vostok,46.4856,135.8833,33.13,56,73,8.43,RU,1667886213
86,yellowknife,62.456,-114.3525,5.56,78,100,2.3,CA,1667886175
87,indramayu,-6.3264,108.32,83.34,67,100,4.16,ID,1667886025
88,cidreira,-30.1811,-50.2056,61.02,82,45,8.34,BR,1667886214
89,shubarshi,48.5872,57.1869,31.62,66,55,7.54,KZ,1667886215
90,shingu,33.7333,135.9833,67.06,49,0,2.57,JP,1667885994
91,waarschoot,51.1533,3.6073,54.1,76,98,19.39,BE,1667886216
92,ambon,-3.6954,128.1814,89.74,66,40,8.05,ID,1667886216
93,kavieng,-2.5744,150.7967,84.04,69,100,6.15,PG,1667886216
94,san cristobal,7.7669,-72.225,66.38,95,98,2.17,VE,1667886050
95,qaanaaq,77.484,-69.3632,-1.12,97,100,4.65,GL,1667886216
96,busselton,-33.65,115.3333,69.17,56,79,9.98,AU,1667886098
97,hurghada,27.2574,33.8129,68.04,32,0,9.22,EG,1667886103
98,green river,41.5286,-109.4662,50.4,44,100,14.92,US,1667886217
99,hamilton,39.1834,-84.5333,52.65,43,75,13.8,US,1667886217
100,ceres,37.5949,-120.9577,53.55,61,100,6.91,US,1667886217
101,bardiyah,31.7561,25.0865,67.64,67,11,8.19,LY,1667886218
102,bowen,-20.0167,148.2333,78.93,61,0,20.24,AU,1667886218
103,souillac,-20.5167,57.5167,79.18,65,40,10.36,MU,1667886218
104,sao joao da barra,-21.6403,-41.0511,66.33,87,96,7.05,BR,1667886218
105,mantua,45.1667,10.7833,47.35,88,66,1.99,IT,1667886218
106,leshukonskoye,64.8989,45.7622,34.9,99,100,5.17,RU,1667886219
107,zhuhai,22.2769,113.5678,73.18,88,40,12.66,CN,1667886124
108,juba,4.8517,31.5825,80.53,59,100,1.99,SS,1667886010
109,moorpark,34.2856,-118.882,56.01,88,32,1.99,US,1667886220
110,avarua,-21.2078,-159.775,73.45,73,75,6.91,CK,1667886220
111,madimba,-10.4,40.3333,82.02,62,58,8.72,TZ,1667886220
112,zhezkazgan,47.8043,67.7144,28.38,64,100,13.42,KZ,1667886221
113,churapcha,62.0025,132.4325,-3.32,93,100,2.64,RU,1667886221
114,ailigandi,9.2333,-78.0167,73.96,88,100,5.7,PA,1667886221
115,cape town,-33.9258,18.4232,64.11,80,20,4.61,ZA,1667886187
116,fairbanks,64.8378,-147.7164,19.36,81,75,0.0,US,1667886143
117,aklavik,68.2191,-135.0107,3.34,83,100,11.63,CA,1667886222
118,esperance,-33.8667,121.9,62.35,66,100,15.99,AU,1667886222
119,dickinson,29.4608,-95.0513,72.95,93,0,0.0,US,1667886222
120,batemans bay,-35.7167,150.1833,69.1,58,0,12.57,AU,1667886049
121,georgetown,5.4112,100.3354,87.73,75,20,9.22,MY,1667885946
122,manosque,43.8288,5.7869,49.57,78,96,4.59,FR,1667886223
123,narsaq,60.9167,-46.05,26.82,71,100,6.96,GL,1667886223
124,tamboril,19.4854,-70.611,72.37,94,75,0.0,DO,1667886224
125,odienne,9.51,-7.5692,69.1,71,37,1.77,CI,1667886224
126,chapais,49.7834,-74.8492,28.18,82,100,17.05,CA,1667886224
127,kaitangata,-46.2817,169.8464,57.7,74,87,4.05,NZ,1667886224
128,codrington,-38.2667,141.9667,75.9,66,3,7.58,AU,1667886094
129,vic,41.9301,2.2549,58.86,92,90,4.14,ES,1667885957
130,stokmarknes,68.5646,14.9108,39.16,93,20,4.61,NO,1667886225
131,ambovombe,-25.1667,46.0833,83.03,51,15,3.8,MG,1667886225
132,barrow,71.2906,-156.7887,26.62,86,100,24.16,US,1667886225
133,tuktoyaktuk,69.4541,-133.0374,1.4,78,0,12.66,CA,1667886226
134,tilichiki,60.4667,166.1,14.85,89,100,6.96,RU,1667886226
135,bredasdorp,-34.5322,20.0403,64.17,61,82,4.07,ZA,1667886226
136,ossora,59.2353,163.0719,27.5,94,100,2.91,RU,1667886227
137,vila franca do campo,37.7167,-25.4333,61.21,79,100,6.4,PT,1667886228
138,altay,47.8667,88.1167,49.68,34,89,4.41,CN,1667886228
139,puerto madryn,-42.7692,-65.0385,68.56,51,100,10.38,AR,1667886219
140,natal,-5.795,-35.2094,75.42,83,20,4.61,BR,1667886215
141,mega,4.05,38.3,67.03,59,99,12.33,ET,1667886229
142,yarada,17.65,83.2667,86.32,54,20,4.61,IN,1667886229
143,tuatapere,-46.1333,167.6833,64.2,59,48,4.65,NZ,1667886229
144,thompson,55.7435,-97.8558,-11.04,84,40,3.44,CA,1667886229
145,harwich,51.9419,1.2844,58.5,80,100,14.0,GB,1667886230
146,nova olimpia,-14.7972,-57.2881,69.1,41,0,2.46,BR,1667886230
147,correntina,-13.3433,-44.6367,70.65,70,99,1.45,BR,1667886230
148,causapscal,48.3542,-67.227,35.22,61,44,18.48,CA,1667886230
149,roald,62.5833,6.1333,46.76,76,0,10.36,NO,1667886231
150,tshikapa,-6.4167,20.8,70.02,99,100,2.59,CD,1667886231
151,geraldton,-28.7667,114.6,72.01,60,75,16.11,AU,1667886227
152,jamestown,42.097,-79.2353,44.19,74,0,6.91,US,1667886232
153,kampot,10.6167,104.1833,87.85,66,71,7.36,KH,1667886232
154,champerico,14.3,-91.9167,77.56,84,100,5.79,GT,1667886232
155,cherskiy,68.75,161.3,-4.23,99,67,1.41,RU,1667886233
156,sorong,-0.8833,131.25,83.39,73,100,8.59,ID,1667886233
157,burnie,-41.0667,145.9167,70.95,50,16,6.73,AU,1667886217
158,lleida,41.6167,0.6167,54.95,74,0,5.75,ES,1667885939
159,burns lake,54.2331,-125.7533,2.62,56,99,8.77,CA,1667886234
160,jacareacanga,-6.2222,-57.7528,71.96,98,100,0.74,BR,1667886234
161,nikolskoye,59.7035,30.7861,42.69,94,99,10.29,RU,1667886234
162,tommot,58.9564,126.2925,18.41,95,100,1.21,RU,1667886235
163,oranjemund,-28.55,16.4333,62.49,77,39,5.21,NA,1667886235
164,norman wells,65.282,-126.8329,1.44,78,0,9.22,CA,1667886236
165,pavullo nel frignano,44.3315,10.835,48.78,76,67,3.91,IT,1667886236
166,saint george,37.1041,-113.5841,61.39,41,100,10.36,US,1667886058
167,lakatoro,-16.0999,167.4164,81.27,80,43,11.77,VU,1667886236
168,lebu,-37.6167,-73.65,53.35,85,100,10.47,CL,1667886236
169,havelock,34.8791,-76.9013,71.58,90,0,8.05,US,1667886237
170,moree,-29.4667,149.85,76.21,37,43,6.73,AU,1667886237
171,saint-paul-les-dax,43.7272,-1.0516,66.72,86,34,5.75,FR,1667886238
172,hobart,-42.8794,147.3294,79.27,41,0,8.05,AU,1667886210
173,chokurdakh,70.6333,147.9167,-11.9,99,77,9.91,RU,1667886239
174,alofi,-19.0595,-169.9187,73.29,88,10,8.05,NU,1667886125
175,athabasca,54.7169,-113.2854,5.41,95,100,9.98,CA,1667886239
176,hambantota,6.1241,81.1185,80.94,94,75,3.44,LK,1667886239
177,kutum,14.2,24.6667,69.17,23,2,9.37,SD,1667886096
178,mandera,3.9366,41.867,83.01,55,84,9.33,KE,1667886240
179,torbay,47.6666,-52.7314,58.75,96,100,19.57,CA,1667886241
180,asau,46.4333,26.4,40.28,83,100,2.55,RO,1667886241
181,high rock,26.6208,-78.2833,77.02,71,1,24.96,BS,1667886241
182,san jose,37.3394,-121.895,54.07,77,75,11.5,US,1667885944
183,caohai,26.8661,104.2841,56.46,65,86,9.44,CN,1667886242
184,nanortalik,60.1432,-45.2371,28.85,86,100,2.95,GL,1667886242
185,bambous virieux,-20.3428,57.7575,80.22,65,40,10.36,MU,1667886243
186,tiksi,71.6872,128.8694,0.07,89,100,15.64,RU,1667886243
187,semey,50.4111,80.2275,32.22,86,100,4.47,KZ,1667886243
188,hasaki,35.7333,140.8333,68.4,48,0,7.05,JP,1667886033
189,kangar,6.4414,100.1986,91.36,61,86,6.71,MY,1667886244
190,antofagasta,-23.65,-70.4,60.08,85,14,2.21,CL,1667886091
191,lagoa,39.05,-27.9833,62.96,71,100,17.18,PT,1667886244
192,high prairie,55.4334,-116.4858,5.99,94,100,5.82,CA,1667886245
193,san patricio,28.017,-97.5169,76.84,89,3,7.67,US,1667886245
194,ormara,25.2088,64.6357,79.59,61,0,8.19,PK,1667886245
195,turukhansk,65.8167,87.9833,20.1,95,100,6.98,RU,1667886246
196,puerto carreno,6.189,-67.4859,75.65,88,67,3.69,CO,1667886246
197,claresholm,50.0333,-113.5852,1.31,71,43,10.36,CA,1667886246
198,mumford,5.2618,-0.759,78.91,82,82,5.5,GH,1667886247
199,mahebourg,-20.4081,57.7,79.25,65,40,10.36,MU,1667886247
200,mount gambier,-37.8333,140.7667,77.49,47,0,2.46,AU,1667886235
201,georgiyevka,43.0369,74.7114,41.04,93,75,6.71,KZ,1667886247
202,dimona,31.0667,35.0333,61.16,70,8,14.83,IL,1667886248
203,khatanga,71.9667,102.5,7.41,96,100,4.54,RU,1667886248
204,deputatskiy,69.3,139.9,-12.69,95,96,6.29,RU,1667886249
205,garissa,-0.4536,39.6401,82.51,62,93,12.53,KE,1667886249
206,san isidro,-12.1167,-77.05,63.01,83,0,10.36,PE,1667886062
207,vestmannaeyjar,63.4427,-20.2734,45.41,82,100,16.11,IS,1667886249
208,tevaitoa,-16.7833,-151.5,77.85,78,18,9.4,PF,1667886249
209,pangody,65.85,74.4859,22.37,96,100,9.26,RU,1667886051
210,senneterre,48.3835,-77.2328,29.66,72,78,12.53,CA,1667886250
211,okhotsk,59.3833,143.3,6.58,65,5,18.01,RU,1667886250
212,shymkent,42.3,69.6,37.99,93,100,11.18,KZ,1667886250
213,luderitz,-26.6481,15.1594,65.86,73,56,6.98,NA,1667886251
214,paamiut,61.994,-49.6678,16.88,56,100,7.47,GL,1667886251
215,ulladulla,-35.35,150.4667,68.22,61,3,14.03,AU,1667886251
216,adwa,14.1646,38.8955,69.15,44,4,4.68,ET,1667886251
217,gorontalo,0.5412,123.0595,86.16,72,83,2.1,ID,1667886182
218,odweyne,9.4092,45.064,75.74,48,1,8.05,SO,1667886252
219,college,64.8569,-147.8028,19.35,80,75,0.0,US,1667886252
220,qinzhou,21.95,108.6167,84.9,45,12,1.86,CN,1667886252
221,wetzlar,50.55,8.5,51.39,94,63,4.03,DE,1667886253
222,dikson,73.5069,80.5464,5.05,95,99,7.81,RU,1667886253
223,arraial do cabo,-22.9661,-42.0278,66.94,82,100,4.29,BR,1667886205
224,koslan,63.4564,48.8989,34.32,99,100,6.96,RU,1667886254
225,gavrilovka vtoraya,52.877,42.7663,34.79,82,100,7.63,RU,1667886254
226,westport,41.1415,-73.3579,54.82,52,0,12.66,US,1667886255
227,raga,8.4596,25.678,79.45,43,92,2.51,SS,1667886255
228,san jose de rio tinto,14.9333,-85.7,81.97,92,46,3.13,HN,1667886255
229,syracuse,37.0881,15.2792,51.39,75,1,4.0,IT,1667886255
230,mogok,22.9167,96.5,76.5,35,0,3.09,MM,1667886256
231,saskylakh,71.9167,114.0833,-22.94,98,53,5.1,RU,1667886256
232,bengkulu,-3.8004,102.2655,81.97,73,99,6.6,ID,1667886256
233,emerald,-23.5333,148.1667,83.34,38,35,9.84,AU,1667886257
234,guerrero negro,27.9769,-114.0611,64.02,84,27,10.09,MX,1667886257
235,jumla,29.2747,82.1838,61.14,28,0,6.15,NP,1667886257
236,suchedniow,51.0478,20.8292,44.8,92,89,5.82,PL,1667886258
237,mongagua,-24.0931,-46.6208,61.59,85,38,4.94,BR,1667886258
238,anadyr,64.75,177.4833,27.1,92,75,15.66,RU,1667886258
239,san vicente,-26.6167,-54.1333,48.92,94,0,3.27,AR,1667886258
240,barroso,-21.1869,-43.9758,59.11,95,54,5.3,BR,1667886258
241,utiel,39.5667,-1.2,48.67,46,64,4.45,ES,1667886259
242,komsomolskiy,40.4272,71.7189,50.72,66,40,6.91,UZ,1667886102
243,rubtsovsk,51.5,81.25,34.27,59,83,4.92,RU,1667886259
244,pangkalanbuun,-2.6833,111.6167,83.35,67,100,3.6,ID,1667886259
245,kruisfontein,-34.0033,24.7314,63.88,58,17,7.63,ZA,1667886260
246,inhambane,-23.865,35.3833,81.59,70,38,11.36,MZ,1667886260
247,mayo,38.8876,-76.5119,60.91,39,20,4.0,US,1667886094
248,ahipara,-35.1667,173.1667,61.66,87,93,15.46,NZ,1667886261
249,oskarshamn,57.2645,16.4484,49.98,88,98,7.63,SE,1667886020
250,cuajinicuilapa,16.4667,-98.4167,75.97,93,23,2.8,MX,1667886261
251,canico,32.6333,-16.85,69.01,84,20,3.44,PT,1667886261
252,broome,42.2506,-75.833,43.86,72,0,8.05,US,1667886262
253,dingle,10.9995,122.6711,86.38,73,99,9.01,PH,1667886262
254,nabire,-3.3667,135.4833,85.06,72,93,2.44,ID,1667886262
255,enshi,30.3,109.4833,72.09,57,79,0.36,CN,1667886263
256,yantal,56.8471,105.2542,25.38,82,100,10.94,RU,1667886127
257,manbij,36.5281,37.9549,58.71,62,100,15.82,SY,1667886263
258,te anau,-45.4167,167.7167,63.16,57,26,4.41,NZ,1667886264
259,fare,-16.7,-151.0167,78.08,77,13,8.9,PF,1667886264
260,shihezi,44.3,86.0333,51.87,40,26,9.04,CN,1667886246
261,kavaratti,10.5669,72.642,81.86,72,1,7.72,IN,1667886264
262,lerwick,60.1545,-1.1494,53.6,94,100,26.6,GB,1667886265
263,asyut,27.181,31.1837,60.98,47,44,6.38,EG,1667886265
264,espanola,35.9911,-106.0806,55.38,56,17,1.01,US,1667886265
265,rutul,41.5357,47.4239,42.39,34,3,5.68,RU,1667886265
266,andenes,69.3143,16.1194,40.98,70,0,17.27,NO,1667886120
267,taoudenni,22.6783,-3.9836,68.95,21,17,9.13,ML,1667886266
268,takikawa,43.5528,141.9064,50.95,61,60,5.57,JP,1667886266
269,gimli,50.6336,-96.9907,30.22,80,100,14.97,CA,1667886266
270,namibe,-15.1961,12.1522,69.69,69,0,5.46,AO,1667886220
271,magdagachi,53.45,125.8,27.81,74,58,4.09,RU,1667886267
272,yamasaki,35.0,134.55,71.35,49,5,8.43,JP,1667886268
273,portland,45.5234,-122.6762,41.81,93,99,3.0,US,1667886268
274,morgan city,29.6994,-91.2068,71.01,100,0,3.44,US,1667886268
275,sibenik,43.7272,15.9058,51.46,76,8,3.78,HR,1667886036
276,olenino,56.2092,33.4889,40.3,98,100,9.17,RU,1667886268
277,douentza,14.9951,-2.9517,70.05,19,29,3.2,ML,1667886269
278,kingaroy,-26.5333,151.8333,71.01,43,89,7.36,AU,1667886269
279,lompoc,34.6391,-120.4579,51.78,93,100,8.05,US,1667886056
280,malkangiri,18.35,81.9,83.08,53,41,0.72,IN,1667886269
281,aksu,41.1231,80.2644,53.24,28,86,1.77,CN,1667886270
282,sao filipe,14.8961,-24.4956,77.38,68,100,5.26,CV,1667886270
283,severo-kurilsk,50.6789,156.125,39.33,72,72,18.52,RU,1667886270
284,east london,-33.0153,27.9116,67.14,77,100,11.5,ZA,1667886146
285,olden,61.8364,6.8064,39.94,85,41,8.66,NO,1667886271
286,egvekinot,66.3167,-179.1667,20.23,84,100,15.88,RU,1667886271
287,durban,-29.8579,31.0292,72.52,94,100,3.0,ZA,1667886176
288,korla,41.7597,86.1469,55.67,29,19,5.1,CN,1667886272
289,hay river,60.8156,-115.7999,-7.62,84,40,3.44,CA,1667886272
290,tornio,65.8481,24.1466,23.02,79,15,5.46,FI,1667886272
291,bonthe,7.5264,-12.505,77.18,85,96,3.15,SL,1667886272
292,kokopo,-4.352,152.2633,80.98,79,98,8.37,PG,1667886273
293,rantepao,-2.9701,119.8978,76.86,84,85,3.33,ID,1667886273
294,cockburn town,21.4612,-71.1419,79.99,74,15,8.39,TC,1667886250
295,lahat,-3.8,103.5333,82.44,72,100,1.9,ID,1667886113
296,basavana bagevadi,16.5833,75.9667,82.11,36,33,10.49,IN,1667886275
297,vanimo,-2.6741,141.3028,80.55,84,100,4.29,PG,1667886275
298,christchurch,-43.5333,172.6333,62.8,55,5,14.97,NZ,1667886275
299,daru,-9.0763,143.2092,81.34,76,100,4.74,PG,1667886079
300,almaznyy,48.0448,40.045,34.86,78,9,8.77,RU,1667886275
301,kloulklubed,7.0419,134.2556,82.9,67,99,2.17,PW,1667886276
302,roma,43.2128,-75.4557,43.36,73,4,1.01,US,1667886276
303,margate,51.3813,1.3862,59.9,76,100,7.0,GB,1667886053
304,tecpan,14.7623,-90.9947,56.89,95,93,5.01,GT,1667886277
305,nguruka,-5.1092,31.0419,70.12,83,89,4.27,TZ,1667886277
306,polaniec,50.4332,21.2812,40.91,97,98,6.13,PL,1667886278
307,beesel,51.2683,6.0389,54.28,85,82,12.86,NL,1667886278
308,pimenta bueno,-11.6725,-61.1936,70.36,59,1,2.48,BR,1667886278
309,moron,-34.6534,-58.6198,65.95,73,0,9.78,AR,1667886279
310,marquette,46.5333,-87.6335,36.34,72,43,6.02,US,1667886279
311,tabou,4.423,-7.3528,77.41,85,92,5.5,CI,1667886279
312,kashan,33.9831,51.4364,51.39,43,0,0.0,IR,1667886278
313,skvyra,49.7318,29.6657,44.22,71,97,6.91,UA,1667886279
314,karla,59.3723,24.9275,48.16,80,75,18.41,EE,1667886280
315,touros,-5.1989,-35.4608,75.83,79,100,7.18,BR,1667886280
316,jalu,29.0331,21.5482,62.38,77,0,5.26,LY,1667886280
317,sola,-13.8833,167.55,79.72,79,99,15.21,VU,1667886281
318,biltine,14.5333,20.9167,78.76,20,4,18.03,TD,1667886281
319,barra patuca,15.8,-84.2833,77.13,83,5,8.03,HN,1667886281
320,walvis bay,-22.9575,14.5053,58.08,100,100,0.0,NA,1667886281
321,alice springs,-23.7,133.8833,98.15,14,40,12.66,AU,1667886222
322,ejura,7.3856,-1.3562,71.01,81,81,3.38,GH,1667886282
323,tezonapa,18.6092,-96.6917,68.97,97,49,2.66,MX,1667886282
324,smithers,54.7804,-127.1743,10.72,72,100,3.44,CA,1667886282
325,atambua,-9.1061,124.8925,84.69,61,68,4.61,ID,1667886283
326,genhe,50.7833,121.5167,32.22,74,83,4.92,CN,1667886242
327,porbandar,21.6422,69.6093,84.18,54,1,6.91,IN,1667886283
328,ananas,19.2466,-71.9557,66.76,93,3,1.59,HT,1667886284
329,port lincoln,-34.7333,135.8667,69.94,62,100,11.45,AU,1667886284
330,taltal,-25.4,-70.4833,58.51,83,26,1.16,CL,1667886285
331,krutinka,56.0055,71.5113,26.46,83,97,6.55,RU,1667886285
332,kolpny,52.2282,37.0368,37.02,76,100,9.06,RU,1667886285
333,ontario,34.0633,-117.6509,58.62,93,75,8.05,US,1667886223
334,hoquiam,46.9809,-123.8893,42.78,92,100,8.05,US,1667886286
335,santa marta,11.2408,-74.199,81.9,71,75,5.75,CO,1667886286
336,virginia beach,36.8529,-75.978,67.01,69,0,11.5,US,1667886026
337,poum,-20.2333,164.0167,77.74,82,99,19.98,NC,1667886287
338,yatou,37.15,122.3833,61.25,49,0,4.52,CN,1667886288
339,kangaatsiaq,68.3065,-53.4641,12.43,84,64,7.63,GL,1667886289
340,enumclaw,47.2043,-121.9915,40.24,87,100,1.99,US,1667886289
341,tukrah,32.5341,20.5791,67.44,80,29,8.14,LY,1667886289
342,saldanha,-33.0117,17.9442,62.02,76,88,6.62,ZA,1667886184
343,boma,7.0805,-2.1697,68.36,97,89,2.08,GH,1667886290
344,banda aceh,5.5577,95.3222,83.75,70,99,8.19,ID,1667886192
345,yarovoye,52.9273,78.58,32.68,61,96,1.59,RU,1667886290
346,manokwari,-0.8667,134.0833,78.94,86,98,5.26,ID,1667886291
347,lukovetskiy,64.2956,41.9211,35.78,99,100,5.73,RU,1667886291
348,kiyasovo,56.3491,53.1244,30.45,91,96,8.01,RU,1667886292
349,la orilla,17.9833,-102.2333,75.81,90,5,2.71,MX,1667886073
350,pevek,69.7008,170.3133,-0.62,100,20,3.11,RU,1667886292
351,mursalimkino,55.0379,58.5585,29.21,88,100,9.22,RU,1667886292
352,kununurra,-15.7667,128.7333,105.78,15,74,5.75,AU,1667886204
353,cabo san lucas,22.8909,-109.9124,73.51,73,0,4.0,MX,1667886092
354,vranov,48.8947,15.8127,40.87,92,51,2.77,CZ,1667886293
355,port augusta,-32.5,137.7667,90.1,21,76,15.1,AU,1667886294
356,ancud,-41.8697,-73.8203,53.38,95,98,2.62,CL,1667886228
357,sitka,57.0531,-135.33,27.07,46,23,5.73,US,1667886294
358,santa rosalia,27.3167,-112.2833,67.64,61,96,6.71,MX,1667886294
359,kumluca,36.3703,30.2869,66.69,45,0,3.53,TR,1667886294
360,longyearbyen,78.2186,15.6401,22.84,80,75,11.5,SJ,1667886295
361,eyl,7.9803,49.8164,82.09,60,9,7.83,SO,1667886295
362,los llanos de aridane,28.6585,-17.9182,64.15,51,0,8.05,ES,1667886110
363,leningradskiy,69.3833,178.4167,19.18,92,100,11.52,RU,1667886295
364,goderich,43.7501,-81.7165,45.91,65,70,13.8,CA,1667886296
365,huangmei,30.1924,116.025,77.22,32,2,8.95,CN,1667886296
366,gainesville,29.6516,-82.3248,68.76,83,75,6.91,US,1667886103
367,melfi,40.9965,15.6514,48.45,85,0,3.44,IT,1667886165
368,shenjiamen,29.9576,122.298,66.7,64,0,10.65,CN,1667886253
369,beringovskiy,63.05,179.3167,22.21,90,100,11.81,RU,1667886297
370,colombo,6.9319,79.8478,87.75,69,99,8.46,LK,1667886153
371,sol-iletsk,51.1631,54.9918,27.91,92,100,7.07,RU,1667886166
372,cam ranh,11.9214,109.1591,85.96,62,20,11.5,VN,1667886289
373,yarmouth,41.7057,-70.2286,57.96,53,0,28.01,US,1667886285
374,adrar,20.5022,-10.0711,70.9,18,18,9.78,MR,1667886298
375,sabha,27.0377,14.4283,56.86,59,0,7.7,LY,1667886258
376,richards bay,-28.783,32.0377,72.25,90,98,5.26,ZA,1667886298
377,vardo,70.3705,31.1107,35.58,87,100,4.61,NO,1667886298
378,vamvakou,39.3333,22.4167,55.31,84,2,1.28,GR,1667886299
379,chapayevka,47.4711,36.3451,36.07,77,51,7.11,UA,1667886299
380,ketchikan,55.3422,-131.6461,25.27,46,0,4.61,US,1667886299
381,nuuk,64.1835,-51.7216,18.21,79,20,16.11,GL,1667886299
382,taraz,42.9,71.3667,41.41,81,100,4.47,KZ,1667886042
383,ucluelet,48.9329,-125.5528,31.08,87,92,13.22,CA,1667886300
384,lopukhiv,48.3653,23.9638,46.38,97,99,2.55,UA,1667886300
385,ostrovnoy,68.0531,39.5131,31.08,92,81,4.41,RU,1667886049
386,hofn,64.2539,-15.2082,43.56,85,100,27.29,IS,1667886300
387,praia da vitoria,38.7333,-27.0667,61.05,82,75,12.3,PT,1667886127
388,narathiwat,6.3333,101.75,85.86,66,92,7.47,TH,1667886136
389,sioux lookout,50.1001,-91.917,28.47,86,100,3.44,CA,1667886098
390,nizhnyaya tavda,57.6731,66.1725,30.72,89,100,10.36,RU,1667886301
391,fort payne,34.4442,-85.7197,65.52,71,0,0.0,US,1667886301
392,port hedland,-20.3167,118.5667,82.45,39,0,21.85,AU,1667886122
393,inongo,-1.95,18.2667,72.79,91,100,1.28,CD,1667886302
394,baley,51.6,116.6333,35.6,48,99,11.12,RU,1667886302
395,lakes entrance,-37.8811,147.981,73.17,63,1,8.37,AU,1667886101
396,naron,43.5167,-8.1528,59.67,81,94,15.55,ES,1667886303
397,manggar,-2.8833,108.2667,82.0,73,100,1.66,ID,1667886303
398,ust-omchug,61.15,149.6333,3.69,97,100,6.06,RU,1667886304
399,verkhniy ufaley,56.0567,60.2306,28.27,88,100,11.92,RU,1667886207
400,fryazino,55.9606,38.0456,37.69,93,100,9.6,RU,1667886089
401,thinadhoo,0.5333,72.9333,82.18,76,46,17.54,MV,1667886304
402,jaisalmer,26.9147,70.9181,83.7,25,42,9.15,IN,1667886305
403,malanville,11.8685,3.3899,70.99,29,50,5.79,BJ,1667886305
404,shenzhen,22.5455,114.0683,76.21,93,99,4.03,CN,1667886114
405,mopipi,-21.1833,24.8833,74.12,69,91,4.03,BW,1667886305
406,kinshasa,-4.3246,15.3215,77.32,88,20,6.91,CD,1667886068
407,harstad,68.799,16.5293,36.61,100,49,5.99,NO,1667886306
408,valparai,10.3667,76.9667,73.67,64,49,3.53,IN,1667886306
409,xianyang,34.3378,108.7026,63.14,82,100,8.95,CN,1667886307
410,ransang,8.9603,117.5828,84.78,71,99,3.04,PH,1667886307
411,laredo,27.5064,-99.5075,75.49,83,75,13.8,US,1667886307
412,marsh harbour,26.5412,-77.0636,78.19,74,49,29.8,BS,1667886308
413,baker city,44.7749,-117.8344,33.51,69,0,6.91,US,1667886308
414,belaya gora,68.5333,146.4167,-20.02,95,16,5.17,RU,1667886309
415,teya,60.3778,92.6267,23.2,83,94,7.72,RU,1667886309
416,bad wurzach,47.9,9.9,42.67,83,78,2.68,DE,1667886309
417,talnakh,69.4865,88.3972,-9.56,99,87,4.12,RU,1667886309
418,beloha,-25.1667,45.05,84.2,49,3,0.76,MG,1667886309
419,grand-lahou,5.1367,-5.0242,77.34,86,87,4.0,CI,1667886310
420,southbridge,42.0751,-72.0334,51.06,64,1,1.99,US,1667886311
421,gat,31.61,34.7642,62.78,100,31,12.46,IL,1667886311
422,saint-georges,12.0564,-61.7485,80.28,83,75,12.66,GD,1667886212
423,korcula,42.9622,17.1369,61.36,68,8,3.09,HR,1667886311
424,muros,42.7762,-9.0603,62.1,80,100,17.67,ES,1667886312
425,yuzhnyy,53.2542,83.6936,32.38,86,75,2.24,RU,1667886312
426,dingli,35.8614,14.3822,57.36,88,20,3.44,MT,1667886312
427,santa maria,-29.6842,-53.8069,51.03,98,6,5.61,BR,1667886022
428,matara,5.9485,80.5353,84.34,66,100,5.5,LK,1667886312
429,corning,42.1428,-77.0547,43.36,70,0,3.44,US,1667886313
430,grand gaube,-20.0064,57.6608,79.38,63,66,8.99,MU,1667886313
431,saint-pierre,-21.3393,55.4781,80.28,61,0,9.22,RE,1667886314
432,garni,40.1221,44.7312,38.07,55,100,3.44,AM,1667886314
433,teknaf,20.8624,92.3058,84.06,57,25,8.68,BD,1667886314
434,nemuro,43.3236,145.575,51.01,67,65,4.85,JP,1667886314
435,panguna,-6.3164,155.4848,75.2,87,74,3.09,PG,1667886314
436,betare oya,5.6,14.0833,69.46,77,99,2.55,CM,1667886315
437,port-cartier,50.0334,-66.8654,38.88,64,58,18.52,CA,1667886315
438,igarka,67.4667,86.5833,-3.59,98,98,2.93,RU,1667886315
439,yingcheng,30.95,113.55,78.58,30,18,6.64,CN,1667886248
440,bawku,11.0616,-0.2417,71.58,24,27,6.15,GH,1667886316
441,clyde river,70.4692,-68.5914,5.23,72,40,3.44,CA,1667886111
442,bilma,18.6853,12.9164,66.88,29,0,11.21,NE,1667886316
443,sioux city,42.5,-96.4003,38.86,57,0,9.22,US,1667886317
444,santa helena,-2.2311,-45.3,73.4,98,99,2.15,BR,1667886317
445,san quintin,30.4833,-115.95,62.71,90,2,7.65,MX,1667886317
446,doha,25.2867,51.5333,87.78,60,0,12.66,QA,1667886242
447,lata,40.1629,-8.3327,59.92,96,100,6.2,PT,1667886318
448,nzega,-2.479,29.5564,64.42,74,96,1.23,RW,1667886319
449,praya,14.9215,-23.5087,72.14,83,0,5.75,CV,1667886123
450,nancha,47.1333,129.2667,43.11,44,28,5.59,CN,1667886319
451,goundi,9.3627,17.366,75.99,41,85,2.8,TD,1667886319
452,soyo,-6.1349,12.3689,78.57,83,96,7.09,AO,1667886320
453,buraydah,26.326,43.975,63.05,26,0,12.82,SA,1667886320
454,san julian,21.0167,-102.1667,51.98,65,0,4.56,MX,1667886321
455,panzhihua,26.5851,101.7128,74.41,42,0,1.1,CN,1667886243
456,kishi,9.0833,3.85,70.09,55,90,2.21,NG,1667886321
457,chake chake,-5.2459,39.7666,84.31,62,27,4.25,TZ,1667886322
458,nsanje,-16.92,35.262,80.98,72,83,3.69,MW,1667886322
459,corner brook,48.9667,-57.9484,46.56,77,69,18.75,CA,1667886322
460,yenagoa,4.9247,6.2642,77.07,88,100,2.13,NG,1667886323
461,samarai,-10.6167,150.6667,84.02,71,25,9.31,PG,1667886323
462,progreso,21.2833,-89.6667,78.91,87,3,9.1,MX,1667886024
463,sao felix do xingu,-6.6447,-51.995,70.27,98,91,0.25,BR,1667886324
464,upata,8.0086,-62.3989,70.21,94,99,1.77,VE,1667886085
465,whitehorse,60.7161,-135.0538,3.97,71,100,21.85,CA,1667886324
466,zhangye,38.9342,100.4517,54.37,20,5,8.93,CN,1667886237
467,sarakhs,36.5449,61.1577,41.14,100,40,6.91,IR,1667886325
468,tecpatan,17.1333,-93.3,68.2,98,74,3.24,MX,1667886325
469,aranos,-24.1333,19.1167,65.03,60,5,4.34,NA,1667886325
470,kenai,60.5544,-151.2583,29.14,94,100,8.05,US,1667886326
471,spassk,52.747,87.7545,34.48,72,100,1.72,RU,1667886326
472,northam,51.0333,-4.2167,53.26,93,60,23.85,GB,1667886326
473,buala,-8.145,159.5921,81.99,81,79,8.43,SB,1667886327
474,staryy nadym,65.6118,72.6842,23.4,96,100,9.62,RU,1667886327
475,gizo,-8.103,156.8419,83.14,76,90,10.42,SB,1667886327
476,ratnagiri,16.9833,73.3,86.85,49,30,4.38,IN,1667886328
477,galesong,-5.3166,119.3661,87.82,63,90,7.34,ID,1667886328
478,lubon,52.3471,16.8927,47.08,93,0,6.91,PL,1667886328
479,punuare,14.7333,-85.9667,83.16,88,26,2.55,HN,1667886328
480,luangwa,-15.6167,30.4167,86.23,50,91,8.93,ZM,1667886329
481,xai-xai,-25.0519,33.6442,80.35,68,100,9.17,MZ,1667886101
482,tianpeng,30.9866,103.9393,70.27,55,8,4.0,CN,1667886244
483,yar-sale,66.8333,70.8333,21.36,97,100,3.98,RU,1667886329
484,koshki,54.2091,50.4677,32.65,93,95,6.87,RU,1667886330
485,saint-augustin,51.226,-58.6502,43.07,62,69,24.83,CA,1667886331
486,aksarka,66.5606,67.7975,17.29,98,94,4.54,RU,1667886331
487,yakeshi,49.2833,120.7333,32.27,71,30,7.05,CN,1667886272
488,carutapera,-1.195,-46.02,76.21,91,98,6.22,BR,1667886331
489,swift current,50.2834,-107.8014,18.41,93,100,6.91,CA,1667886331
490,basse-pointe,14.8695,-61.115,80.85,64,80,13.62,MQ,1667886332
491,lodja,-3.4833,23.4333,75.45,77,99,0.81,CD,1667886332
492,rastolita,46.9726,24.9929,47.53,93,99,2.35,RO,1667886333
493,pechenga,69.5259,31.1703,27.48,92,46,3.06,RU,1667886333
494,grindavik,63.8424,-22.4338,43.27,93,100,11.5,IS,1667886333
495,baruun-urt,46.6806,113.2792,46.69,22,30,17.58,MN,1667886334
496,powassan,46.0334,-79.3496,37.99,65,46,8.68,CA,1667886334
497,ocos,14.5094,-92.1933,77.79,83,100,5.59,GT,1667886334
498,kamyshin,50.0983,45.416,36.59,68,79,4.68,RU,1667886190
499,makow mazowiecki,52.8649,21.1005,45.59,94,38,8.68,PL,1667886335
500,riyadh,24.6877,46.7219,69.94,16,0,18.1,SA,1667886229
501,majholi,23.5,79.9167,79.84,38,43,4.97,IN,1667886336
502,udachnyy,66.4167,112.4,-7.22,100,94,2.01,RU,1667886336
503,pawai,24.2667,80.1667,82.09,35,66,2.93,IN,1667886336
504,erenhot,43.6475,111.9767,49.62,18,79,13.27,CN,1667886209
505,conde,-7.2597,-34.9075,76.46,88,20,3.44,BR,1667886337
506,japura,-0.3167,102.35,89.31,60,100,1.14,ID,1667886337
507,donghai,22.9459,115.642,75.47,71,98,4.97,CN,1667886337
508,salalah,17.0151,54.0924,82.49,57,0,2.3,OM,1667886337
509,misratah,32.3754,15.0925,68.43,60,4,5.41,LY,1667886218
510,palmer,42.1584,-72.3287,50.5,50,0,10.36,US,1667886338
511,camacha,33.0833,-16.3333,63.82,94,40,4.61,PT,1667886117
512,kedrovyy,56.1667,91.8167,28.87,73,96,5.48,RU,1667886340
513,aleksandrovsk-sakhalinskiy,50.8975,142.1561,32.67,61,3,7.02,RU,1667886342
514,capuluan,13.8147,122.5181,85.53,77,95,6.42,PH,1667886342
515,boguchany,58.3814,97.4531,26.42,73,96,8.28,RU,1667886342
516,turkmenabat,39.0733,63.5786,39.18,75,75,13.8,TM,1667886342
517,kifri,34.6959,44.9661,70.25,22,69,7.18,IQ,1667886342
518,streator,41.1209,-88.8354,43.0,79,98,10.31,US,1667886343
519,katsuura,35.1333,140.3,65.93,58,0,9.33,JP,1667886343
520,lidkoping,58.5052,13.1577,49.41,96,99,7.4,SE,1667886077
521,salinopolis,-0.6136,-47.3561,77.9,87,100,8.81,BR,1667886344
522,alexander city,32.944,-85.9539,67.5,94,0,0.0,US,1667886246
523,lasa,46.6166,10.7002,41.88,50,53,1.63,IT,1667886344
524,mareeba,-17.0,145.4333,86.43,63,49,7.58,AU,1667886344
525,hollister,36.8525,-121.4016,52.84,71,20,6.91,US,1667886316
526,greencastle,39.6445,-86.8647,48.88,68,0,9.22,US,1667886345
527,moses lake,47.1301,-119.2781,34.48,93,75,10.36,US,1667886292
528,fortuna,40.5982,-124.1573,44.94,97,100,9.22,US,1667886367
529,sakaiminato,35.55,133.2333,66.18,48,40,8.05,JP,1667886367
530,manacor,39.5696,3.2096,60.33,85,5,6.8,ES,1667886367
531,coahuayana,18.7333,-103.6833,73.42,95,29,2.71,MX,1667886368
532,sistranda,63.7256,8.834,40.96,76,95,9.66,NO,1667886368
533,muncar,-8.4333,114.3333,85.8,69,66,7.96,ID,1667886368
534,coihaique,-45.5752,-72.0662,54.21,93,75,4.61,CL,1667886369
535,cap malheureux,-19.9842,57.6142,79.47,63,64,8.99,MU,1667886369
536,isangel,-19.55,169.2667,80.71,74,77,6.91,VU,1667886369
537,verkh-usugli,52.7,115.1667,34.21,64,99,9.26,RU,1667886369
538,fremont,37.5483,-121.9886,53.85,76,75,12.66,US,1667886273
539,chinsali,-10.5414,32.0816,77.29,51,99,5.37,ZM,1667886370
540,merauke,-8.4667,140.3333,85.32,69,91,5.32,ID,1667886370
541,marovoay,-16.1,46.6333,84.34,46,63,6.6,MG,1667886371
542,qingyuan,23.7,113.0333,73.38,73,94,2.66,CN,1667886237
543,khandyga,62.6667,135.6,-9.22,95,99,2.1,RU,1667886371
544,gambela,8.25,34.5833,81.88,52,77,4.38,ET,1667886173
545,bambanglipuro,-7.95,110.2833,82.45,77,78,7.61,ID,1667886353
546,artyom,40.4723,50.333,50.14,69,94,21.72,AZ,1667886372
547,cangucu,-31.395,-52.6756,51.58,93,70,4.09,BR,1667886372
548,hanzhong,33.0728,107.0303,57.16,93,100,3.69,CN,1667886228
549,pitanga,-24.7572,-51.7614,50.25,91,62,4.41,BR,1667886341
550,isla mujeres,21.2311,-86.731,75.16,70,35,16.04,MX,1667886373
551,mvuma,-19.2792,30.5283,72.93,60,99,7.0,ZW,1667886374
552,bluefield,37.2698,-81.2223,48.06,87,0,1.54,US,1667886374
